variable,count,mean,std,min,25%,50%,75%,max,original
dummy1,1000.0,-8.71243764526522e-06,0.010560955237248584,-0.0357986918472903,-0.00715211793606045,0.0001176561221629,0.0070231390109610995,0.0321506088942342,0.0087040181601025
dummy2,1000.0,-0.00016547189913425055,0.011435173095716853,-0.0441678067566311,-0.007511026206138625,-0.00025887995895239996,0.007157603798275175,0.0400612870367318,0.0056715920567178
x1,1000.0,0.11155551878040547,2.9875769624917723,-8.97190225953366,-1.8101873295749131,0.13853633811904975,1.9212984856368651,28.206483742359875,28.206483742359875
x2,1000.0,0.2214645676311443,7.905935901447875,-23.043353899359797,-4.626217612442396,0.14098762783930113,5.081726123615816,75.0514115025226,75.0514115025226
x3,1000.0,0.05027807510975192,1.9268289377484755,-6.016760483553988,-1.198075365088075,-0.0241667235292206,1.2495651083873547,17.753868390915716,17.753868390915716
